{"cameraMode":{"drawMode":0,"name":"Shaded","section":"Shading Mode"},"sceneLighting":true,"audioPlay":false,"sceneViewState":{"showFog":true,"showMaterialUpdate":true,"showSkybox":true,"showFlares":true,"showImageEffects":true,"showParticleSystems":true},"in2DMode":false,"pivot":{"x":147.89398193359376,"y":38.21390914916992,"z":-60.79533004760742},"rotation":{"x":-0.11768057942390442,"y":0.7460214495658875,"z":-0.13619433343410493,"w":-0.6417514681816101},"size":14.4722261428833,"orthographic":false}