{"cameraMode":{"drawMode":0,"name":"Shaded","section":"Shading Mode"},"sceneLighting":false,"audioPlay":false,"sceneViewState":{"showFog":true,"showMaterialUpdate":false,"showSkybox":false,"showFlares":true,"showImageEffects":true,"showParticleSystems":true},"in2DMode":false,"pivot":{"x":0.7191782593727112,"y":0.31123295426368716,"z":0.26174095273017886},"rotation":{"x":-0.27828726172447207,"y":-0.008953099139034748,"z":0.0025286974851042034,"w":-0.9604986310005188},"size":0.5637713074684143,"orthographic":false}