{"cameraMode":{"drawMode":0,"name":"Shaded","section":"Shading Mode"},"sceneLighting":false,"audioPlay":false,"sceneViewState":{"showFog":true,"showMaterialUpdate":true,"showSkybox":false,"showFlares":true,"showImageEffects":true,"showParticleSystems":true},"in2DMode":false,"pivot":{"x":-1.3600000143051148,"y":1.0099997520446778,"z":-3.619999885559082},"rotation":{"x":-0.49372899532318118,"y":-0.038068994879722598,"z":0.021640736609697343,"w":-0.8685312271118164},"size":2.7659037113189699,"orthographic":false}