{"cameraMode":{"drawMode":0,"name":"Shaded","section":"Shading Mode"},"sceneLighting":false,"audioPlay":false,"sceneViewState":{"showFog":true,"showMaterialUpdate":true,"showSkybox":false,"showFlares":true,"showImageEffects":true,"showParticleSystems":true},"in2DMode":false,"pivot":{"x":4.358496189117432,"y":9.92417049407959,"z":-22.08967399597168},"rotation":{"x":0.44420310854911806,"y":0.042700670659542087,"z":-0.02120993472635746,"w":0.8947484493255615},"size":8.661866188049317,"orthographic":false}